# address	status	binary	raw-score	source-debt	origin	uncertainty	revisit-trigger	tested-scores	before-score	after-score	eliminated-source-defect
0x00401FB0	provisional	partial	33.33	clean	initial-audit	binary or source model is not verified	recheck ABI, layout, control flow, and natural source forms	-	-	-	-
0x00402030	provisional	partial	33.33	clean	initial-audit	binary or source model is not verified	recheck ABI, layout, control flow, and natural source forms	-	-	-	-
0x004020F0	provisional	effective	98.92	opaque-state-slot	initial-audit	binary or source model is not verified	recheck ABI, layout, control flow, and natural source forms	-	-	-	-
0x004025C0	provisional	partial	54.55	clean	CAP-26	token dialogue table loader: retail anchors the destination cursor on dialogueRecordIndex, while the build anchors it on subtitle. The zero fill, serialized source walk, sentinel, four typed field stores, and 10-entry bound agree. A raw negative-index copy can force the retail anchor but is not credible source	recheck ABI, layout, control flow, and natural source forms	54.55	-	-	-
0x00403450	provisional	partial	72.51	address-named-symbol,opaque-state-slot,unknown-symbol	initial-audit	binary or source model is not verified	recheck ABI, layout, control flow, and natural source forms	-	-	-	-
0x00403640	provisional	partial	76.19	clean	CAP-15	angle-wrap region re-reads the field where the build CSEs it	recheck ABI, layout, control flow, and natural source forms	76.19	-	-	-
0x00403730	provisional	exact	100.00	opaque-state-slot	initial-audit	binary or source model is not verified	recheck ABI, layout, control flow, and natural source forms	-	-	-	-
0x00405C80	provisional	partial	90.48	clean	CAP-15	frame rewind: build keeps frame[1] in DL, retail compares memory and reloads it, 3 natural forms tested	recheck ABI, layout, control flow, and natural source forms	90.48	-	-	-
0x00407150	provisional	partial	84.62	address-named-symbol,unknown-symbol	CAP-18	parallel-walked creature cursor: MSVC anchors on store-target &entCtrl, retail on read-source &creatureId; actor side matches; 3 forms tested	recheck ABI, layout, control flow, and natural source forms	84.62	-	-	-
0x004071E0	provisional	partial	92.02	clean	initial-audit	binary or source model is not verified	recheck ABI, layout, control flow, and natural source forms	-	-	-	-
0x00408CD0	provisional	partial	59.38	clean	initial-audit	binary or source model is not verified	recheck ABI, layout, control flow, and natural source forms	-	-	-	-
0x00408D30	provisional	partial	80.24	clean	initial-audit	binary or source model is not verified	recheck ABI, layout, control flow, and natural source forms	-	-	-	-
0x00409130	provisional	partial	80.44	clean	initial-audit	binary or source model is not verified	recheck ABI, layout, control flow, and natural source forms	-	-	-	-
0x004092F0	provisional	partial	50.00	clean	initial-audit	binary or source model is not verified	recheck ABI, layout, control flow, and natural source forms	-	-	-	-
0x00409360	provisional	partial	88.24	clean	initial-audit	binary or source model is not verified	recheck ABI, layout, control flow, and natural source forms	-	-	-	-
0x004093A0	provisional	partial	48.65	clean	initial-audit	binary or source model is not verified	recheck ABI, layout, control flow, and natural source forms	-	-	-	-
0x0040CAC0	provisional	partial	52.42	original-name-vocabulary	initial-audit	binary or source model is not verified	recheck ABI, layout, control flow, and natural source forms	-	-	-	-
0x0040FAE0	provisional	partial	73.89	clean	initial-audit	binary or source model is not verified	recheck ABI, layout, control flow, and natural source forms	-	-	-	-
0x0040FDF0	provisional	partial	76.92	clean	initial-audit	binary or source model is not verified	recheck ABI, layout, control flow, and natural source forms	-	-	-	-
0x00412B50	provisional	partial	84.87	clean	initial-audit	binary or source model is not verified	recheck ABI, layout, control flow, and natural source forms	-	-	-	-
0x00412D70	provisional	partial	67.46	clean	initial-audit	binary or source model is not verified	recheck ABI, layout, control flow, and natural source forms	-	-	-	-
0x00412FF0	provisional	partial	88.89	clean	initial-audit	binary or source model is not verified	recheck ABI, layout, control flow, and natural source forms	-	-	-	-
0x00414110	provisional	partial	77.31	clean	initial-audit	binary or source model is not verified	recheck ABI, layout, control flow, and natural source forms	-	-	-	-
0x00414A80	provisional	partial	88.24	clean	initial-audit	binary or source model is not verified	recheck ABI, layout, control flow, and natural source forms	-	-	-	-
0x00414AF0	provisional	partial	49.61	clean	initial-audit	binary or source model is not verified	recheck ABI, layout, control flow, and natural source forms	-	-	-	-
0x00414EA0	provisional	partial	52.94	clean	initial-audit	binary or source model is not verified	recheck ABI, layout, control flow, and natural source forms	-	-	-	-
0x00414F20	provisional	partial	93.69	clean	initial-audit	binary or source model is not verified	recheck ABI, layout, control flow, and natural source forms	-	-	-	-
0x00415180	provisional	partial	44.07	clean	initial-audit	binary or source model is not verified	recheck ABI, layout, control flow, and natural source forms	-	-	-	-
0x004152E0	provisional	partial	95.97	clean	initial-audit	binary or source model is not verified	recheck ABI, layout, control flow, and natural source forms	-	-	-	-
0x00415460	provisional	partial	97.06	clean	initial-audit	binary or source model is not verified	recheck ABI, layout, control flow, and natural source forms	-	-	-	-
0x004157E0	provisional	partial	42.86	clean	initial-audit	binary or source model is not verified	recheck ABI, layout, control flow, and natural source forms	-	-	-	-
0x00415800	provisional	partial	55.17	clean	initial-audit	binary or source model is not verified	recheck ABI, layout, control flow, and natural source forms	-	-	-	-
0x0042B090	provisional	partial	82.03	clean	CAP-03	arena particle bounce: retail keeps the floor value in EBX and the shadow count in CX. The build uses volatile registers and spills the typed shadow index. Control flow, field access, calls, and side effects agree. Three natural forms were tested.	recheck ABI, layout, control flow, and natural source forms	82.03	-	-	-
0x004316C0	provisional	partial	86.05	original-name-vocabulary	initial-audit	binary or source model is not verified	recheck ABI, layout, control flow, and natural source forms	-	-	-	-
0x004319E0	provisional	partial	97.67	clean	initial-audit	binary or source model is not verified	recheck ABI, layout, control flow, and natural source forms	-	-	-	-
0x00431CE0	provisional	partial	80.65	clean	initial-audit	binary or source model is not verified	recheck ABI, layout, control flow, and natural source forms	-	-	-	-
0x00431D40	provisional	partial	59.02	clean	initial-audit	binary or source model is not verified	recheck ABI, layout, control flow, and natural source forms	-	-	-	-
0x00431DA0	provisional	partial	80.65	clean	initial-audit	binary or source model is not verified	recheck ABI, layout, control flow, and natural source forms	-	-	-	-
0x00431E00	provisional	partial	42.11	clean	initial-audit	binary or source model is not verified	recheck ABI, layout, control flow, and natural source forms	-	-	-	-
0x00432020	provisional	partial	66.08	unstructured-control-flow	initial-audit	binary or source model is not verified	recheck ABI, layout, control flow, and natural source forms	-	-	-	-
0x00432AD0	provisional	partial	3.82	clean	initial-audit	binary or source model is not verified	recheck ABI, layout, control flow, and natural source forms	-	-	-	-
0x00433410	provisional	partial	73.68	clean	initial-audit	binary or source model is not verified	recheck ABI, layout, control flow, and natural source forms	-	-	-	-
0x004334D0	provisional	partial	33.54	clean	initial-audit	binary or source model is not verified	recheck ABI, layout, control flow, and natural source forms	-	-	-	-
0x004335D0	provisional	partial	54.14	clean	initial-audit	binary or source model is not verified	recheck ABI, layout, control flow, and natural source forms	-	-	-	-
0x00433F40	provisional	partial	86.38	clean	initial-audit	binary or source model is not verified	recheck ABI, layout, control flow, and natural source forms	-	-	-	-
0x004343D0	provisional	partial	61.82	clean	initial-audit	binary or source model is not verified	recheck ABI, layout, control flow, and natural source forms	-	-	-	-
0x00434550	provisional	partial	70.48	clean	CAP-12	footing resolution: retail places the normal-damage case after the main return and uses different scratch registers for the fatal-surface position restore. The build keeps the damage case inline. Collision, floor state, footing override, damage dispatch, fatal-surface rollback, slippery-surface state, and velocity clamp agree. Direct, inverted, and switch forms were tested	recheck ABI, layout, control flow, and natural source forms	70.48	-	-	-
0x00434990	provisional	partial	46.18	clean	CAP-09	gun fire update: retail reserves 36 FPO bytes and the build reserves 28. The build also assigns the fire state, aim angles, and random angle to different registers. Input edges, charge and repeat timing, powered laser consumption, disc and grapple dispatch, beam reflection, sounds, and all state updates agree. Three structured and shared-dispatch forms were tested	recheck ABI, layout, control flow, and natural source forms	46.18	-	-	-
0x00434EB0	provisional	partial	85.80	clean	CAP-21	spin hover update: retail keeps the previous timer in ECX and the updated timer in EAX through the negative hover phase; the build reverses those scratch roles and schedules the timer store and particle position loads differently. Cooldown, input/action guards, charge frequency, hover transition, particles, sounds, facing lock, cancellation, and timers agree. Four natural direct-global and scoped-local forms tested; best score 85.80%	recheck ABI, layout, control flow, and natural source forms	85.80	-	-	-
0x00436D80	provisional	partial	76.17	clean	initial-audit	binary or source model is not verified	recheck ABI, layout, control flow, and natural source forms	-	-	-	-
0x00437C40	provisional	partial	99.56	clean	initial-audit	binary or source model is not verified	recheck ABI, layout, control flow, and natural source forms	-	-	-	-
0x00437FB0	provisional	partial	70.00	clean	initial-audit	binary or source model is not verified	recheck ABI, layout, control flow, and natural source forms	-	-	-	-
0x004381F0	provisional	partial	76.79	clean	initial-audit	binary or source model is not verified	recheck ABI, layout, control flow, and natural source forms	-	-	-	-
0x00438650	provisional	partial	66.39	clean	initial-audit	binary or source model is not verified	recheck ABI, layout, control flow, and natural source forms	-	-	-	-
0x00438790	provisional	partial	38.87	clean	initial-audit	binary or source model is not verified	recheck ABI, layout, control flow, and natural source forms	-	-	-	-
0x00438910	provisional	partial	51.91	clean	initial-audit	binary or source model is not verified	recheck ABI, layout, control flow, and natural source forms	-	-	-	-
0x00438A50	provisional	partial	44.84	opaque-state-slot,unstructured-control-flow	initial-audit	binary or source model is not verified	recheck ABI, layout, control flow, and natural source forms	-	-	-	-
0x0043A380	provisional	partial	90.86	clean	initial-audit	binary or source model is not verified	recheck ABI, layout, control flow, and natural source forms	-	-	-	-
0x0043BA80	provisional	partial	61.46	clean	CAP-09	animation clip evaluation: retail reserves a 0x28-byte FPO frame and homes clip, loop, sample, and bone-index state differently; build reserves 0x20 bytes and uses a different callee-saved register order. Clip parsing, translation and rotation interpolation, Buzz offset, scale flags, and cleanup agree; 3 structural forms tested	recheck ABI, layout, control flow, and natural source forms	61.46	-	-	-
0x0043C0E0	provisional	partial	82.19	clean	initial-audit	binary or source model is not verified	recheck ABI, layout, control flow, and natural source forms	-	-	-	-
0x0043E6E0	provisional	partial	14.79	clean	initial-audit	binary or source model is not verified	recheck ABI, layout, control flow, and natural source forms	-	-	-	-
0x00441980	provisional	partial	93.94	clean	initial-audit	binary or source model is not verified	recheck ABI, layout, control flow, and natural source forms	-	-	-	-
0x00447BD0	provisional	partial	59.09	clean	CAP-03	actor culling: retail keeps the camera pointer and distance sum in EBX at different times. The build keeps the camera pointer in EDI and the visibility-distance square in EBP. Portal rejection, distance culling, round-toward-zero conversion, frustum testing, and actor flags agree. The guarded do-loop and typed signed-byte area index improved the score from 32.73%.	recheck ABI, layout, control flow, and natural source forms	59.09	-	-	-
0x00447D40	provisional	partial	87.32	clean	initial-audit	binary or source model is not verified	recheck ABI, layout, control flow, and natural source forms	-	-	-	-
0x00447DB0	provisional	partial	52.13	clean	initial-audit	binary or source model is not verified	recheck ABI, layout, control flow, and natural source forms	-	-	-	-
0x0044DD80	provisional	partial	71.34	clean	initial-audit	binary or source model is not verified	recheck ABI, layout, control flow, and natural source forms	-	-	-	-
0x0044E620	provisional	partial	81.63	clean	initial-audit	binary or source model is not verified	recheck ABI, layout, control flow, and natural source forms	-	-	-	-
0x0044E710	provisional	partial	22.38	clean	CAP-03	kite-tail simulation: retail reserves 24 FPO bytes and assigns the segment, velocity, scratch, and wall-distance walks to different stack/register homes; build reserves 12 bytes. Integration, constraint, relaxation, collision selection, and copyback agree; 3 natural indexed/pointer forms tested	recheck ABI, layout, control flow, and natural source forms	22.38	-	-	-
0x0044EB90	provisional	partial	36.48	clean	CAP-03	kite-tail draw: retail keeps tail-slot/texture/segment state in EBP/EBX/ESI/EDI; build changes the homes and reserves one extra packed-color slot; 3 structural forms tested	recheck ABI, layout, control flow, and natural source forms	36.48	-	-	-
0x0044F200	provisional	partial	73.79	clean	CAP-28	lens-flare registration: retail reserves 56 FPO bytes. The build reuses dead collision-vector storage for projection spills and reserves 48 bytes. Collision, projection, visibility tests, and typed record writes agree. Direct and named spill forms were tested.	recheck ABI, layout, control flow, and natural source forms	73.79	-	-	-
0x0044F580	provisional	partial	93.71	clean	CAP-27	lens-flare slot render: retail anchors the 12-byte element walk on green. The build anchors it on scaleY. All six fields resolve to the same addresses. Projection, brightness, depth scaling, color scaling, sprite calls, and cursor updates agree. A typed slot reference scored 35.33%. Typed direct-slot access scored 78.64%. Signed division by 256 and the confirmed int16 sheet parameter scored 93.71%.	recheck ABI, layout, control flow, and natural source forms	93.71	-	-	-
0x00450C70	provisional	partial	11.38	clean	initial-audit	binary or source model is not verified	recheck ABI, layout, control flow, and natural source forms	-	-	-	-
0x00451F80	provisional	partial	11.76	clean	initial-audit	binary or source model is not verified	recheck ABI, layout, control flow, and natural source forms	-	-	-	-
0x00451FD0	provisional	partial	61.73	clean	initial-audit	binary or source model is not verified	recheck ABI, layout, control flow, and natural source forms	-	-	-	-
0x004520D0	provisional	partial	30.77	clean	initial-audit	binary or source model is not verified	recheck ABI, layout, control flow, and natural source forms	-	-	-	-
0x004521A0	provisional	partial	61.88	clean	initial-audit	binary or source model is not verified	recheck ABI, layout, control flow, and natural source forms	-	-	-	-
0x00452310	provisional	partial	39.29	clean	initial-audit	binary or source model is not verified	recheck ABI, layout, control flow, and natural source forms	-	-	-	-
0x00452FC0	provisional	partial	65.19	address-named-symbol,unknown-symbol,unstructured-control-flow	initial-audit	binary or source model is not verified	recheck ABI, layout, control flow, and natural source forms	-	-	-	-
0x00470BF0	provisional	exact	100.00	original-name-vocabulary	initial-audit	binary or source model is not verified	recheck ABI, layout, control flow, and natural source forms	-	-	-	-
0x00470D00	provisional	partial	92.86	clean	initial-audit	binary or source model is not verified	recheck ABI, layout, control flow, and natural source forms	-	-	-	-
0x00470D60	provisional	partial	70.44	clean	initial-audit	binary or source model is not verified	recheck ABI, layout, control flow, and natural source forms	-	-	-	-
0x00470FB0	provisional	partial	77.71	clean	initial-audit	binary or source model is not verified	recheck ABI, layout, control flow, and natural source forms	-	-	-	-
0x004710C0	provisional	partial	97.10	clean	initial-audit	binary or source model is not verified	recheck ABI, layout, control flow, and natural source forms	-	-	-	-
0x00471190	provisional	partial	96.72	clean	initial-audit	binary or source model is not verified	recheck ABI, layout, control flow, and natural source forms	-	-	-	-
0x00471250	provisional	partial	96.88	clean	initial-audit	binary or source model is not verified	recheck ABI, layout, control flow, and natural source forms	-	-	-	-
0x0047B170	provisional	partial	16.99	unstructured-control-flow	initial-audit	binary or source model is not verified	recheck ABI, layout, control flow, and natural source forms	-	-	-	-
0x0047C800	provisional	partial	79.41	original-name-vocabulary	initial-audit	binary or source model is not verified	recheck ABI, layout, control flow, and natural source forms	-	-	-	-
0x0047C870	provisional	exact	100.00	original-name-vocabulary	initial-audit	binary or source model is not verified	recheck ABI, layout, control flow, and natural source forms	-	-	-	-
0x0047D120	provisional	partial	20.34	clean	CAP-09	one-shot back-buffer clear: retail uses an EBP frame with five locals. The build uses an FPO frame and register-keeps the row state. Pixel format selection, signed division, scalar nested fills, row padding, completion flag, and pending-count update agree. A for-loop form scored 22.22% but emitted REP STOSD instead of the retail scalar loop.	recheck ABI, layout, control flow, and natural source forms	20.34	-	-	-
0x0047D210	provisional	partial	24.14	original-name-vocabulary	CAP-09	software back-buffer drain: retail uses an EBP 0x80-byte frame with the 0x6c DDSURFACEDESC plus five stack-resident clear-loop locals; build uses FPO with a 0x6c frame, keeps values in registers, and lowers natural inner fill loops to REP STOSD. Lock retry/error path, tint/format clear selection, deferred-clear state, 4096-bucket walk, flag dispatch, linked-list advance, unlock/error path, and presentation agree. Natural for-loop/common-callback form scored 24.14%; scalar do-loop/direct-call form scored 18.75%; forced shared locals 21.27%; helper calls 21.84%	recheck ABI, layout, control flow, and natural source forms	24.14	-	-	-
0x0047D4E0	provisional	partial	13.04	original-name-vocabulary	CAP-09	perspective divide table: retail uses an EBP frame and keeps the descending divisor as a scaled array index. The build uses an FPO frame and strength-reduces the loop to a reverse pointer. Half-scale, 12-bit fixed scale, divisors 32767 through 1, table stores, and return value agree. For and do-loop forms produced the same code.	recheck ABI, layout, control flow, and natural source forms	13.04	-	-	-
0x0047D520	provisional	partial	80.00	clean	initial-audit	binary or source model is not verified	recheck ABI, layout, control flow, and natural source forms	-	-	-	-
0x0047D540	provisional	partial	35.56	clean	CAP-09	32-bit rectangular fill: retail uses an EBP frame and saves the inner count with PUSH and POP. The build uses an FPO frame and keeps the row state in registers. Destination, dword width, height, byte padding, fill value, and scalar nested loops agree.	recheck ABI, layout, control flow, and natural source forms	35.56	-	-	-
0x0047D650	provisional	partial	12.50	clean	CAP-09	scanline flag clear: retail uses an EBP frame and saves EDI twice. The build uses FPO and keeps the same typed stride loop in EAX and ECX. The populated-byte store, 0x4C record stride, decrement, and zero termination agree.	recheck ABI, layout, control flow, and natural source forms	12.50	-	-	-
0x0047D930	provisional	partial	99.38	clean	initial-audit	binary or source model is not verified	recheck ABI, layout, control flow, and natural source forms	-	-	-	-
0x0047DE50	provisional	partial	50.11	clean	initial-audit	binary or source model is not verified	recheck ABI, layout, control flow, and natural source forms	-	-	-	-
0x0047E3C0	provisional	partial	96.67	clean	initial-audit	binary or source model is not verified	recheck ABI, layout, control flow, and natural source forms	-	-	-	-
0x0047E4E0	provisional	partial	70.11	clean	initial-audit	binary or source model is not verified	recheck ABI, layout, control flow, and natural source forms	-	-	-	-
0x0047EC20	provisional	partial	94.37	clean	initial-audit	binary or source model is not verified	recheck ABI, layout, control flow, and natural source forms	-	-	-	-
0x0047EDE0	provisional	partial	92.50	clean	initial-audit	binary or source model is not verified	recheck ABI, layout, control flow, and natural source forms	-	-	-	-
0x00480AE0	provisional	partial	5.25	clean	initial-audit	binary or source model is not verified	recheck ABI, layout, control flow, and natural source forms	-	-	-	-
0x00481140	provisional	partial	19.61	clean	CAP-09	point-in-triangle projection: readable source selects typed 2D point/edge projections and names the three edge-side results; retail keeps the six axis/orientation cases expanded with no frame. A fully expanded conjunction scored 42.76% but produced implausible maintenance source. Selected-coordinate, expanded early-return, expanded conjunction, and typed projection forms were tested; semantics agree	recheck ABI, layout, control flow, and natural source forms	19.61	-	-	-
0x00485680	provisional	partial	87.31	clean	CAP-03	stretched shadow projection: retail keeps the shadow index and normal components in EDI/ESI through all three corner calculations; the build folds the symmetric second corner and retires the component locals early. Opacity clamp, slope-size adjustment, position, three projected heights, count limit, and steep-slope fade agree. Reference, direct-index, and component-local forms were tested	recheck ABI, layout, control flow, and natural source forms	87.31	-	-	-
0x004857E0	provisional	partial	87.31	clean	CAP-03	Buzz stretched-shadow twin of 0x00485680: the same index and normal-component register lifetimes differ. This variant correctly uses Buzz's height and cached ground normal. The full projection and fade behavior otherwise agrees	recheck ABI, layout, control flow, and natural source forms	87.31	-	-	-
0x004863A0	provisional	partial	80.20	clean	CAP-07	floor-height update: retail delays the Buzz-height load, uses an in-place byte OR, and stores the cached normal before it restores the triangle count. The build schedules these operations differently. Triangle gathering, the ground probe, moving-platform correction, steep-floor contact, velocity damping, cached normal, and scratch restoration agree. Direct-array, typed-pointer, combined-condition, and nested-condition forms were tested	recheck ABI, layout, control flow, and natural source forms	80.20	-	-	-
0x004882F0	provisional	partial	21.89	clean	CAP-09	edge-buffer raycast: retail reserves 0x44 FPO bytes and keeps the flat endpoint walk at the array base; the typed indexed build reserves 0x34 bytes and anchors the walk on the first Z field. Edge normal, signed crossing distances, reversal, segment bounds, nearest fraction, and all outputs agree. Indexed and cached running-pointer forms were tested; the latter regressed to 17.98%	recheck ABI, layout, control flow, and natural source forms	21.89	-	-	-
0x0048F1B0	provisional	partial	63.01	clean	initial-audit	binary or source model is not verified	recheck ABI, layout, control flow, and natural source forms	-	-	-	-
0x0048F410	provisional	partial	62.24	clean	initial-audit	binary or source model is not verified	recheck ABI, layout, control flow, and natural source forms	-	-	-	-
0x00490290	provisional	partial	80.18	clean	CAP-21	backdrop scroll: merged texture-column and clipped-top locals use opposite EAX/ECX scratch registers; branch arithmetic, wrap logic, global writes, guards, and return agree; 3 natural forms tested	recheck ABI, layout, control flow, and natural source forms	80.18	-	-	-
0x00490470	provisional	exact	100.00	original-name-vocabulary	initial-audit	binary or source model is not verified	recheck ABI, layout, control flow, and natural source forms	-	-	-	-
0x004905C0	provisional	exact	100.00	original-name-vocabulary	initial-audit	binary or source model is not verified	recheck ABI, layout, control flow, and natural source forms	-	-	-	-
0x004909E0	provisional	partial	78.01	unknown-symbol	initial-audit	binary or source model is not verified	recheck ABI, layout, control flow, and natural source forms	-	-	-	-
0x00490B90	provisional	partial	65.71	clean	initial-audit	binary or source model is not verified	recheck ABI, layout, control flow, and natural source forms	-	-	-	-
0x00490BF0	provisional	effective	89.66	original-name-vocabulary	initial-audit	binary or source model is not verified	recheck ABI, layout, control flow, and natural source forms	-	-	-	-
0x00493C30	provisional	partial	49.35	clean	initial-audit	binary or source model is not verified	recheck ABI, layout, control flow, and natural source forms	-	-	-	-
0x00493DC0	provisional	partial	51.56	clean	initial-audit	binary or source model is not verified	recheck ABI, layout, control flow, and natural source forms	-	-	-	-
0x00493F40	provisional	partial	52.17	clean	initial-audit	binary or source model is not verified	recheck ABI, layout, control flow, and natural source forms	-	-	-	-
0x00494130	provisional	partial	88.52	clean	initial-audit	binary or source model is not verified	recheck ABI, layout, control flow, and natural source forms	-	-	-	-
0x004942D0	provisional	partial	37.50	clean	initial-audit	binary or source model is not verified	recheck ABI, layout, control flow, and natural source forms	-	-	-	-
0x004946A0	provisional	partial	56.00	clean	CAP-24	tiled sprite UVs: retail retains width and height on the x87 stack; build spills and reorders the four expressions; 4 credible forms tested	recheck ABI, layout, control flow, and natural source forms	56.00	-	-	-
0x00494820	provisional	partial	57.14	clean	CAP-24	virtual-width twin of 0x004946A0; same x87 evaluation and spill difference	recheck ABI, layout, control flow, and natural source forms	57.14	-	-	-
0x0049AE40	provisional	partial	99.65	clean	initial-audit	binary or source model is not verified	recheck ABI, layout, control flow, and natural source forms	-	-	-	-
0x0049B580	provisional	partial	45.71	clean	initial-audit	binary or source model is not verified	recheck ABI, layout, control flow, and natural source forms	-	-	-	-
0x0049B630	provisional	partial	54.24	clean	initial-audit	binary or source model is not verified	recheck ABI, layout, control flow, and natural source forms	-	-	-	-
0x0049D390	provisional	partial	61.52	clean	initial-audit	binary or source model is not verified	recheck ABI, layout, control flow, and natural source forms	-	-	-	-
0x0049D7A0	provisional	partial	55.84	clean	initial-audit	binary or source model is not verified	recheck ABI, layout, control flow, and natural source forms	-	-	-	-
0x0049D910	provisional	partial	72.89	unstructured-control-flow	initial-audit	binary or source model is not verified	recheck ABI, layout, control flow, and natural source forms	-	-	-	-
0x0049E660	provisional	partial	88.83	clean	initial-audit	binary or source model is not verified	recheck ABI, layout, control flow, and natural source forms	-	-	-	-
0x0049E910	provisional	partial	52.63	clean	initial-audit	binary or source model is not verified	recheck ABI, layout, control flow, and natural source forms	-	-	-	-
0x0049E9D0	provisional	partial	47.27	clean	initial-audit	binary or source model is not verified	recheck ABI, layout, control flow, and natural source forms	-	-	-	-
0x0049EB50	provisional	partial	96.55	clean	initial-audit	binary or source model is not verified	recheck ABI, layout, control flow, and natural source forms	-	-	-	-
0x0049EBA0	provisional	partial	51.85	clean	initial-audit	binary or source model is not verified	recheck ABI, layout, control flow, and natural source forms	-	-	-	-
0x0049F400	provisional	partial	47.76	clean	initial-audit	binary or source model is not verified	recheck ABI, layout, control flow, and natural source forms	-	-	-	-
0x0049FAB0	provisional	partial	52.17	clean	CAP-03	ambient-emitter deactivation: retail keeps the emitter Y value in EBP and the particle index in ESI. The build keeps a typed emitter reference and walks particle records by pointer. Position, lifetime, type checks, particle shutdown, and record invalidation agree. Reference, indexed, and cached-record forms were tested.	recheck ABI, layout, control flow, and natural source forms	52.17	-	-	-
0x0049FB40	provisional	partial	61.96	clean	CAP-03	ambient-emitter update: retail and the build assign the record pointer, coordinates, and record count to different registers. The 16-tick gate, quarter scan, distance test, type split, particle spawn, and scan cursor agree. Cached-record, direct-global, ternary, and explicit-branch forms were tested.	recheck ABI, layout, control flow, and natural source forms	61.96	-	-	-
0x004A0C80	provisional	partial	56.73	clean	CAP-03	token initialization: retail assigns the token-link cursor, token-state cursor, and inner record index to EBP, ESI, and EDI. The build assigns them to ESI, EDI, and EBP. Save bits, link setup, pickup searches, hidden-link setup, and all state writes agree. Const and mutable cursor forms, signed cursor bounds, and shared index forms were tested.	recheck ABI, layout, control flow, and natural source forms	56.73	-	-	-
0x004A0DB0	provisional	partial	89.36	clean	CAP-25	Pizza Planet token activation: retail reserves 16 FPO bytes and the build reserves 12. All body instructions, calls, branches, fields, and results agree; direct height expression and named height local produce the same smaller frame	recheck ABI, layout, control flow, and natural source forms	89.36	-	-	-
0x004A1BE0	provisional	partial	81.43	clean	initial-audit	binary or source model is not verified	recheck ABI, layout, control flow, and natural source forms	-	-	-	-
0x004A26F0	provisional	partial	89.32	clean	CAP-12	periodic actor hint: retail keeps the challenge-state return inline, while the build sends it to the common tail epilogue and shifts final alignment padding. Actor-state guards, timer update, random reset, signed preset loads, and 3D sound call agree; nested, split-guard, and combined-condition forms tested	recheck ABI, layout, control flow, and natural source forms	89.32	-	-	-
0x004A2C20	provisional	partial	22.86	clean	initial-audit	binary or source model is not verified	recheck ABI, layout, control flow, and natural source forms	-	-	-	-
0x004A3810	provisional	partial	83.20	clean	initial-audit	binary or source model is not verified	recheck ABI, layout, control flow, and natural source forms	-	-	-	-
0x004A3980	provisional	partial	30.18	clean	CAP-14	table-loaded pointer stays in EAX, retail moves it to ECX	recheck ABI, layout, control flow, and natural source forms	30.18	-	-	-
0x004A3BC0	provisional	partial	66.67	clean	initial-audit	binary or source model is not verified	recheck ABI, layout, control flow, and natural source forms	-	-	-	-
0x004A3BE0	provisional	partial	95.65	clean	initial-audit	binary or source model is not verified	recheck ABI, layout, control flow, and natural source forms	-	-	-	-
0x004A3C80	provisional	partial	91.25	clean	initial-audit	binary or source model is not verified	recheck ABI, layout, control flow, and natural source forms	-	-	-	-
0x004A3E60	provisional	partial	76.47	clean	initial-audit	binary or source model is not verified	recheck ABI, layout, control flow, and natural source forms	-	-	-	-
0x004A3F10	provisional	partial	80.36	clean	initial-audit	binary or source model is not verified	recheck ABI, layout, control flow, and natural source forms	-	-	-	-
0x004A4130	provisional	partial	70.52	clean	initial-audit	binary or source model is not verified	recheck ABI, layout, control flow, and natural source forms	-	-	-	-
0x004A4680	provisional	partial	99.00	clean	initial-audit	binary or source model is not verified	recheck ABI, layout, control flow, and natural source forms	-	-	-	-
0x004A4960	provisional	partial	82.50	clean	initial-audit	binary or source model is not verified	recheck ABI, layout, control flow, and natural source forms	-	-	-	-
0x004A4F80	provisional	partial	70.97	clean	initial-audit	binary or source model is not verified	recheck ABI, layout, control flow, and natural source forms	-	-	-	-
0x004A5170	provisional	partial	98.47	clean	CAP-25	cosmic shield update: retail reserves 16 FPO bytes and the build reserves 12. All body instructions, calls, branches, fields, animation phases, and results agree. The extra retail slot has no supported source-level role	recheck ABI, layout, control flow, and natural source forms	98.47	-	-	-
0x004A5370	provisional	partial	44.62	clean	initial-audit	binary or source model is not verified	recheck ABI, layout, control flow, and natural source forms	-	-	-	-
0x004A5540	provisional	partial	91.21	clean	initial-audit	binary or source model is not verified	recheck ABI, layout, control flow, and natural source forms	-	-	-	-
0x004A6390	provisional	partial	96.45	clean	initial-audit	binary or source model is not verified	recheck ABI, layout, control flow, and natural source forms	-	-	-	-
0x004A66A0	provisional	partial	65.17	clean	initial-audit	binary or source model is not verified	recheck ABI, layout, control flow, and natural source forms	-	-	-	-
0x004A6940	provisional	partial	94.64	clean	initial-audit	binary or source model is not verified	recheck ABI, layout, control flow, and natural source forms	-	-	-	-
0x004A6B30	provisional	partial	63.27	original-name-vocabulary	initial-audit	binary or source model is not verified	recheck ABI, layout, control flow, and natural source forms	-	-	-	-
0x004A6D40	provisional	partial	57.78	clean	initial-audit	binary or source model is not verified	recheck ABI, layout, control flow, and natural source forms	-	-	-	-
0x004A8C60	provisional	partial	72.00	clean	initial-audit	binary or source model is not verified	recheck ABI, layout, control flow, and natural source forms	-	-	-	-
0x004A8D80	provisional	partial	71.74	clean	initial-audit	binary or source model is not verified	recheck ABI, layout, control flow, and natural source forms	-	-	-	-
0x004A9AA0	provisional	partial	92.16	clean	initial-audit	binary or source model is not verified	recheck ABI, layout, control flow, and natural source forms	-	-	-	-
0x004A9CB0	provisional	partial	82.35	clean	initial-audit	binary or source model is not verified	recheck ABI, layout, control flow, and natural source forms	-	-	-	-
0x004A9F60	provisional	partial	70.63	clean	initial-audit	binary or source model is not verified	recheck ABI, layout, control flow, and natural source forms	-	-	-	-
0x004AA100	provisional	partial	45.42	clean	initial-audit	binary or source model is not verified	recheck ABI, layout, control flow, and natural source forms	-	-	-	-
0x004AA620	provisional	partial	51.46	clean	initial-audit	binary or source model is not verified	recheck ABI, layout, control flow, and natural source forms	-	-	-	-
0x004AAC40	provisional	partial	49.06	clean	initial-audit	binary or source model is not verified	recheck ABI, layout, control flow, and natural source forms	-	-	-	-
0x004AB7D0	provisional	partial	90.00	clean	initial-audit	binary or source model is not verified	recheck ABI, layout, control flow, and natural source forms	-	-	-	-
0x004ABD40	provisional	partial	4.26	clean	initial-audit	binary or source model is not verified	recheck ABI, layout, control flow, and natural source forms	-	-	-	-
0x004ABEB0	provisional	partial	95.83	clean	initial-audit	binary or source model is not verified	recheck ABI, layout, control flow, and natural source forms	-	-	-	-
0x004ABF00	provisional	partial	52.17	clean	initial-audit	binary or source model is not verified	recheck ABI, layout, control flow, and natural source forms	-	-	-	-
0x004AC030	provisional	partial	4.88	clean	initial-audit	binary or source model is not verified	recheck ABI, layout, control flow, and natural source forms	-	-	-	-
0x004AC1A0	provisional	partial	89.29	clean	initial-audit	binary or source model is not verified	recheck ABI, layout, control flow, and natural source forms	-	-	-	-
0x004AC4D0	provisional	partial	96.55	clean	initial-audit	binary or source model is not verified	recheck ABI, layout, control flow, and natural source forms	-	-	-	-
0x004AC540	provisional	partial	86.03	clean	initial-audit	binary or source model is not verified	recheck ABI, layout, control flow, and natural source forms	-	-	-	-
0x004AC760	provisional	partial	84.78	clean	initial-audit	binary or source model is not verified	recheck ABI, layout, control flow, and natural source forms	-	-	-	-
0x004AC9C0	provisional	partial	88.83	clean	initial-audit	binary or source model is not verified	recheck ABI, layout, control flow, and natural source forms	-	-	-	-
0x004ACBE0	provisional	partial	35.08	clean	initial-audit	binary or source model is not verified	recheck ABI, layout, control flow, and natural source forms	-	-	-	-
0x004ACD90	provisional	partial	98.08	clean	initial-audit	binary or source model is not verified	recheck ABI, layout, control flow, and natural source forms	-	-	-	-
0x004ACFC0	provisional	partial	25.00	clean	initial-audit	binary or source model is not verified	recheck ABI, layout, control flow, and natural source forms	-	-	-	-
0x004AEDA0	provisional	partial	63.04	clean	initial-audit	binary or source model is not verified	recheck ABI, layout, control flow, and natural source forms	-	-	-	-
0x004AEE10	provisional	partial	91.18	clean	initial-audit	binary or source model is not verified	recheck ABI, layout, control flow, and natural source forms	-	-	-	-
0x004AEEE0	provisional	partial	67.86	clean	initial-audit	binary or source model is not verified	recheck ABI, layout, control flow, and natural source forms	-	-	-	-
0x004AEF80	provisional	partial	90.16	clean	initial-audit	binary or source model is not verified	recheck ABI, layout, control flow, and natural source forms	-	-	-	-
0x004AF0D0	provisional	partial	75.86	clean	initial-audit	binary or source model is not verified	recheck ABI, layout, control flow, and natural source forms	-	-	-	-
0x004AF110	provisional	partial	68.08	clean	initial-audit	binary or source model is not verified	recheck ABI, layout, control flow, and natural source forms	-	-	-	-
0x004AF420	provisional	partial	69.57	clean	initial-audit	binary or source model is not verified	recheck ABI, layout, control flow, and natural source forms	-	-	-	-
0x004AF4E0	provisional	partial	73.42	clean	initial-audit	binary or source model is not verified	recheck ABI, layout, control flow, and natural source forms	-	-	-	-
0x004AF550	provisional	partial	71.67	clean	initial-audit	binary or source model is not verified	recheck ABI, layout, control flow, and natural source forms	-	-	-	-
0x004AFA20	provisional	partial	64.52	clean	initial-audit	binary or source model is not verified	recheck ABI, layout, control flow, and natural source forms	-	-	-	-
0x004AFA60	provisional	partial	70.27	clean	initial-audit	binary or source model is not verified	recheck ABI, layout, control flow, and natural source forms	-	-	-	-
0x004AFAA0	provisional	partial	31.58	clean	initial-audit	binary or source model is not verified	recheck ABI, layout, control flow, and natural source forms	-	-	-	-
0x004AFD30	provisional	partial	26.12	clean	initial-audit	binary or source model is not verified	recheck ABI, layout, control flow, and natural source forms	-	-	-	-
0x004B0200	provisional	partial	59.82	clean	initial-audit	binary or source model is not verified	recheck ABI, layout, control flow, and natural source forms	-	-	-	-
0x004B0440	provisional	partial	76.22	clean	initial-audit	binary or source model is not verified	recheck ABI, layout, control flow, and natural source forms	-	-	-	-
0x004B0740	provisional	partial	87.50	clean	initial-audit	binary or source model is not verified	recheck ABI, layout, control flow, and natural source forms	-	-	-	-
0x004B07A0	provisional	partial	25.41	clean	initial-audit	binary or source model is not verified	recheck ABI, layout, control flow, and natural source forms	-	-	-	-
0x004B0870	provisional	partial	33.57	clean	initial-audit	binary or source model is not verified	recheck ABI, layout, control flow, and natural source forms	-	-	-	-
0x004B0A30	provisional	partial	65.02	clean	initial-audit	binary or source model is not verified	recheck ABI, layout, control flow, and natural source forms	-	-	-	-
0x004B0B60	provisional	partial	89.10	clean	initial-audit	binary or source model is not verified	recheck ABI, layout, control flow, and natural source forms	-	-	-	-
0x004B0D90	provisional	partial	26.32	clean	initial-audit	binary or source model is not verified	recheck ABI, layout, control flow, and natural source forms	-	-	-	-
0x004B0E00	provisional	partial	39.34	clean	CAP-09	bitmap surface copy: typed 16-bit and 32-bit destination cursors increase the FPO frame by 12 bytes. The prior shared int32 cursor scored 50.00% but required a raw two-byte pointer step. Surface locking, DIB sampling, channel conversion, both destination formats, cleanup, and result handling agree.	recheck ABI, layout, control flow, and natural source forms	39.34	-	-	-
0x004B2C80	provisional	partial	47.62	clean	initial-audit	binary or source model is not verified	recheck ABI, layout, control flow, and natural source forms	-	-	-	-
0x004B2D80	provisional	partial	72.73	clean	initial-audit	binary or source model is not verified	recheck ABI, layout, control flow, and natural source forms	-	-	-	-
0x004B2DE0	provisional	partial	10.10	clean	initial-audit	binary or source model is not verified	recheck ABI, layout, control flow, and natural source forms	-	-	-	-
0x004B2ED0	provisional	partial	91.43	clean	initial-audit	binary or source model is not verified	recheck ABI, layout, control flow, and natural source forms	-	-	-	-
0x004B3050	provisional	partial	91.43	clean	initial-audit	binary or source model is not verified	recheck ABI, layout, control flow, and natural source forms	-	-	-	-
0x004B33B0	provisional	partial	53.26	clean	initial-audit	binary or source model is not verified	recheck ABI, layout, control flow, and natural source forms	-	-	-	-
0x004B3630	provisional	partial	84.62	clean	initial-audit	binary or source model is not verified	recheck ABI, layout, control flow, and natural source forms	-	-	-	-
0x004B37B0	provisional	partial	50.00	clean	initial-audit	binary or source model is not verified	recheck ABI, layout, control flow, and natural source forms	-	-	-	-
0x004B3A20	provisional	partial	78.87	clean	initial-audit	binary or source model is not verified	recheck ABI, layout, control flow, and natural source forms	-	-	-	-
0x004B4110	provisional	partial	70.78	clean	initial-audit	binary or source model is not verified	recheck ABI, layout, control flow, and natural source forms	-	-	-	-
0x004B45A0	provisional	partial	36.76	clean	initial-audit	binary or source model is not verified	recheck ABI, layout, control flow, and natural source forms	-	-	-	-
0x004B4880	provisional	partial	36.45	clean	initial-audit	binary or source model is not verified	recheck ABI, layout, control flow, and natural source forms	-	-	-	-
0x004B4C10	provisional	partial	77.55	clean	initial-audit	binary or source model is not verified	recheck ABI, layout, control flow, and natural source forms	-	-	-	-
0x004B4CD0	provisional	partial	29.79	clean	initial-audit	binary or source model is not verified	recheck ABI, layout, control flow, and natural source forms	-	-	-	-
0x004B4FA0	provisional	partial	59.65	clean	initial-audit	binary or source model is not verified	recheck ABI, layout, control flow, and natural source forms	-	-	-	-
0x004B53D0	provisional	partial	52.24	clean	initial-audit	binary or source model is not verified	recheck ABI, layout, control flow, and natural source forms	-	-	-	-
0x004B5480	provisional	partial	48.85	clean	initial-audit	binary or source model is not verified	recheck ABI, layout, control flow, and natural source forms	-	-	-	-
0x004B5630	provisional	partial	87.23	clean	initial-audit	binary or source model is not verified	recheck ABI, layout, control flow, and natural source forms	-	-	-	-
0x004B5900	provisional	partial	88.24	clean	initial-audit	binary or source model is not verified	recheck ABI, layout, control flow, and natural source forms	-	-	-	-
0x004B5A30	provisional	partial	47.46	clean	initial-audit	binary or source model is not verified	recheck ABI, layout, control flow, and natural source forms	-	-	-	-
0x004B5AD0	provisional	partial	29.09	clean	initial-audit	binary or source model is not verified	recheck ABI, layout, control flow, and natural source forms	-	-	-	-
0x004B5C00	provisional	partial	18.18	clean	initial-audit	binary or source model is not verified	recheck ABI, layout, control flow, and natural source forms	-	-	-	-
0x004B5CF0	provisional	partial	63.46	clean	CAP-03	primitive bucket flush: retail keeps the material in EDX and uses shared flush-state branches. The structured build spills the material and materializes the state-change result. Bucket traversal, state compatibility, 1500-vertex flush limit, material and texture setup, three-vertex copies, bucket clearing, and pool reset agree. Structured boolean and shared-label forms were tested; the shared-label form scored 72.16% but introduced a lint warning.	recheck ABI, layout, control flow, and natural source forms	63.46	-	-	-
0x004B6040	provisional	partial	97.12	clean	CAP-17	triangle strip: loop-invariant count-3 init hoisted as LEA+EDX load vs retail late MOV EBX+SUB; 4 forms tested	recheck ABI, layout, control flow, and natural source forms	97.12	-	-	-
0x004B6320	provisional	partial	90.43	clean	initial-audit	binary or source model is not verified	recheck ABI, layout, control flow, and natural source forms	-	-	-	-
0x004B6660	provisional	partial	89.41	clean	initial-audit	binary or source model is not verified	recheck ABI, layout, control flow, and natural source forms	-	-	-	-
0x004B68B0	provisional	partial	83.33	clean	initial-audit	binary or source model is not verified	recheck ABI, layout, control flow, and natural source forms	-	-	-	-
0x004B6A50	provisional	partial	72.22	clean	initial-audit	binary or source model is not verified	recheck ABI, layout, control flow, and natural source forms	-	-	-	-
0x004B6C10	provisional	partial	62.66	clean	initial-audit	binary or source model is not verified	recheck ABI, layout, control flow, and natural source forms	-	-	-	-
0x004B6ED0	provisional	partial	65.00	clean	initial-audit	binary or source model is not verified	recheck ABI, layout, control flow, and natural source forms	-	-	-	-
0x004B6F50	provisional	partial	45.83	clean	initial-audit	binary or source model is not verified	recheck ABI, layout, control flow, and natural source forms	-	-	-	-
0x004B70E0	provisional	partial	37.36	clean	initial-audit	binary or source model is not verified	recheck ABI, layout, control flow, and natural source forms	-	-	-	-
0x004B75E0	provisional	partial	69.07	clean	initial-audit	binary or source model is not verified	recheck ABI, layout, control flow, and natural source forms	-	-	-	-
0x004B7710	provisional	partial	48.18	clean	initial-audit	binary or source model is not verified	recheck ABI, layout, control flow, and natural source forms	-	-	-	-
0x004B7830	provisional	partial	61.64	clean	initial-audit	binary or source model is not verified	recheck ABI, layout, control flow, and natural source forms	-	-	-	-
0x004B7D60	provisional	partial	97.42	clean	initial-audit	binary or source model is not verified	recheck ABI, layout, control flow, and natural source forms	-	-	-	-
0x004B8330	provisional	partial	94.23	clean	initial-audit	binary or source model is not verified	recheck ABI, layout, control flow, and natural source forms	-	-	-	-
0x004B8460	provisional	partial	61.54	clean	initial-audit	binary or source model is not verified	recheck ABI, layout, control flow, and natural source forms	-	-	-	-
0x004B84E0	provisional	partial	30.19	clean	initial-audit	binary or source model is not verified	recheck ABI, layout, control flow, and natural source forms	-	-	-	-
0x004B86F0	provisional	partial	54.17	clean	initial-audit	binary or source model is not verified	recheck ABI, layout, control flow, and natural source forms	-	-	-	-
0x004B8840	provisional	partial	93.75	clean	initial-audit	binary or source model is not verified	recheck ABI, layout, control flow, and natural source forms	-	-	-	-
0x004B89B0	provisional	partial	89.47	clean	initial-audit	binary or source model is not verified	recheck ABI, layout, control flow, and natural source forms	-	-	-	-
0x004B8B10	provisional	partial	53.44	clean	initial-audit	binary or source model is not verified	recheck ABI, layout, control flow, and natural source forms	-	-	-	-
0x004B8BF0	provisional	partial	77.42	clean	initial-audit	binary or source model is not verified	recheck ABI, layout, control flow, and natural source forms	-	-	-	-
0x004B8CC0	provisional	partial	90.91	clean	initial-audit	binary or source model is not verified	recheck ABI, layout, control flow, and natural source forms	-	-	-	-
0x004B8DD0	provisional	partial	62.50	clean	initial-audit	binary or source model is not verified	recheck ABI, layout, control flow, and natural source forms	-	-	-	-
0x004B9630	provisional	partial	90.00	clean	initial-audit	binary or source model is not verified	recheck ABI, layout, control flow, and natural source forms	-	-	-	-
0x004B9710	provisional	partial	82.67	clean	initial-audit	binary or source model is not verified	recheck ABI, layout, control flow, and natural source forms	-	-	-	-
0x004B9B90	provisional	partial	91.14	clean	initial-audit	binary or source model is not verified	recheck ABI, layout, control flow, and natural source forms	-	-	-	-
0x004BA1F0	provisional	partial	60.18	clean	CAP-03	frustum sphere test: retail keeps the result in EDI and the center pointer in EBP. The build keeps the result in EBP and uses EDI as a doubled plane index. Plane traversal, distance tests, result bits, and early exit agree with the adjacent function at 0x004BA270.	recheck ABI, layout, control flow, and natural source forms	60.18	-	-	-
0x004BA270	provisional	partial	60.18	clean	initial-audit	binary or source model is not verified	recheck ABI, layout, control flow, and natural source forms	-	-	-	-
0x004BA2F0	provisional	partial	45.76	clean	initial-audit	binary or source model is not verified	recheck ABI, layout, control flow, and natural source forms	-	-	-	-
0x004BA420	provisional	partial	49.65	clean	initial-audit	binary or source model is not verified	recheck ABI, layout, control flow, and natural source forms	-	-	-	-
0x004BABE0	provisional	partial	80.00	clean	initial-audit	binary or source model is not verified	recheck ABI, layout, control flow, and natural source forms	-	-	-	-
0x004BAC70	provisional	partial	70.97	clean	initial-audit	binary or source model is not verified	recheck ABI, layout, control flow, and natural source forms	-	-	-	-
0x004BACF0	provisional	partial	37.66	clean	initial-audit	binary or source model is not verified	recheck ABI, layout, control flow, and natural source forms	-	-	-	-
0x004BB0E0	provisional	partial	80.00	clean	initial-audit	binary or source model is not verified	recheck ABI, layout, control flow, and natural source forms	-	-	-	-
0x004BB320	provisional	partial	71.19	clean	initial-audit	binary or source model is not verified	recheck ABI, layout, control flow, and natural source forms	-	-	-	-
0x004BB3C0	provisional	partial	70.71	clean	initial-audit	binary or source model is not verified	recheck ABI, layout, control flow, and natural source forms	-	-	-	-
0x004BB540	provisional	partial	80.00	clean	initial-audit	binary or source model is not verified	recheck ABI, layout, control flow, and natural source forms	-	-	-	-
0x004BB590	provisional	partial	81.82	clean	initial-audit	binary or source model is not verified	recheck ABI, layout, control flow, and natural source forms	-	-	-	-
0x004BB5E0	provisional	partial	97.06	clean	initial-audit	binary or source model is not verified	recheck ABI, layout, control flow, and natural source forms	-	-	-	-
0x004BB690	provisional	partial	92.86	clean	initial-audit	binary or source model is not verified	recheck ABI, layout, control flow, and natural source forms	-	-	-	-
0x004BB6C0	provisional	partial	90.00	clean	initial-audit	binary or source model is not verified	recheck ABI, layout, control flow, and natural source forms	-	-	-	-
0x004BB720	provisional	partial	70.27	clean	initial-audit	binary or source model is not verified	recheck ABI, layout, control flow, and natural source forms	-	-	-	-
0x004BBAB0	provisional	partial	90.45	clean	initial-audit	binary or source model is not verified	recheck ABI, layout, control flow, and natural source forms	-	-	-	-
0x004BC080	provisional	partial	61.05	clean	initial-audit	binary or source model is not verified	recheck ABI, layout, control flow, and natural source forms	-	-	-	-
0x004BC320	provisional	partial	9.76	clean	initial-audit	binary or source model is not verified	recheck ABI, layout, control flow, and natural source forms	-	-	-	-
0x004BC460	provisional	partial	42.97	clean	initial-audit	binary or source model is not verified	recheck ABI, layout, control flow, and natural source forms	-	-	-	-
0x004BC720	provisional	partial	52.60	clean	initial-audit	binary or source model is not verified	recheck ABI, layout, control flow, and natural source forms	-	-	-	-
0x004BC980	provisional	partial	52.97	clean	initial-audit	binary or source model is not verified	recheck ABI, layout, control flow, and natural source forms	-	-	-	-
0x004BCAD0	provisional	partial	38.10	clean	CAP-16	vertex-copy loop: retail unrolls the constant-3 REP MOVSD loop, build keeps it counted (running pointers match)	recheck ABI, layout, control flow, and natural source forms	38.10	-	-	-
0x004BCB60	provisional	exact	100.00	address-named-symbol,unknown-symbol	initial-audit	binary or source model is not verified	recheck ABI, layout, control flow, and natural source forms	-	-	-	-
0x004BCC70	provisional	partial	87.16	clean	CAP-15	viewport->clip-rect: build CSEs the right param load into ECX where retail re-reads [esp+0x20] per use; cascade reorders the V/H conditional blocks (clamp/scale blocks all match)	recheck ABI, layout, control flow, and natural source forms	87.16	-	-	-
0x004BCE00	provisional	partial	92.77	clean	initial-audit	binary or source model is not verified	recheck ABI, layout, control flow, and natural source forms	-	-	-	-
0x004BCFA0	provisional	partial	66.67	clean	initial-audit	binary or source model is not verified	recheck ABI, layout, control flow, and natural source forms	-	-	-	-
0x004C0100	provisional	partial	83.14	clean	CAP-12	triangle and quad viewport reject: retail places the shared reject return between the quad and triangle paths. The build places the accept and reject returns after both paths. Vertex loads, clip conversions, four plane tests, short-circuit order, supported counts, and return values agree. Early-reject and positive-intersection forms scored the same.	recheck ABI, layout, control flow, and natural source forms	83.14	-	-	-
0x004C14A0	provisional	partial	36.52	unknown-symbol	CAP-19	triangle-list dispatch: maskedTexData in EBP vs retail EBX; count register-kept vs retail EBP-spilled; negative-offset index strip vs 3x bump; 5 forms tested	recheck ABI, layout, control flow, and natural source forms	36.52	-	-	-
0x004C1540	provisional	partial	43.24	unknown-symbol	initial-audit	binary or source model is not verified	recheck ABI, layout, control flow, and natural source forms	-	-	-	-
0x004C17B0	provisional	partial	13.33	clean	initial-audit	binary or source model is not verified	recheck ABI, layout, control flow, and natural source forms	-	-	-	-
0x004C19E0	provisional	partial	68.90	clean	initial-audit	binary or source model is not verified	recheck ABI, layout, control flow, and natural source forms	-	-	-	-
0x004C1C40	provisional	partial	98.86	clean	initial-audit	binary or source model is not verified	recheck ABI, layout, control flow, and natural source forms	-	-	-	-
0x004C2080	provisional	partial	10.71	clean	CAP-03	16-bit clear-colour packing: retail keeps the red channel in SI and assembles the masked blue and green channels through partial registers. The build folds the same 555 and 565 arithmetic into full-register expressions. Direct arithmetic, a uint16 red local, and casted branch expressions were tested.	recheck ABI, layout, control flow, and natural source forms	10.71	-	-	-
0x004C2450	provisional	partial	73.81	clean	initial-audit	binary or source model is not verified	recheck ABI, layout, control flow, and natural source forms	-	-	-	-
0x004C24D0	provisional	partial	84.85	clean	initial-audit	binary or source model is not verified	recheck ABI, layout, control flow, and natural source forms	-	-	-	-
0x004C2630	provisional	partial	56.82	clean	initial-audit	binary or source model is not verified	recheck ABI, layout, control flow, and natural source forms	-	-	-	-
0x004C26D0	provisional	partial	59.26	clean	initial-audit	binary or source model is not verified	recheck ABI, layout, control flow, and natural source forms	-	-	-	-
0x004C2750	provisional	partial	44.83	clean	initial-audit	binary or source model is not verified	recheck ABI, layout, control flow, and natural source forms	-	-	-	-
0x004C2910	provisional	partial	34.48	clean	initial-audit	binary or source model is not verified	recheck ABI, layout, control flow, and natural source forms	-	-	-	-
0x004C2A70	provisional	partial	54.55	clean	initial-audit	binary or source model is not verified	recheck ABI, layout, control flow, and natural source forms	-	-	-	-
0x004C2AB0	provisional	partial	23.53	signature-concealment	initial-audit	binary or source model is not verified	recheck ABI, layout, control flow, and natural source forms	-	-	-	-
0x004C2BE0	provisional	partial	47.06	signature-concealment	initial-audit	binary or source model is not verified	recheck ABI, layout, control flow, and natural source forms	-	-	-	-
0x004C2D20	provisional	partial	32.95	signature-concealment	initial-audit	binary or source model is not verified	recheck ABI, layout, control flow, and natural source forms	-	-	-	-
0x004C2E70	provisional	partial	27.64	signature-concealment	initial-audit	binary or source model is not verified	recheck ABI, layout, control flow, and natural source forms	-	-	-	-
0x004C2FF0	provisional	partial	31.33	clean	initial-audit	binary or source model is not verified	recheck ABI, layout, control flow, and natural source forms	-	-	-	-
0x004C3240	provisional	partial	57.14	clean	initial-audit	binary or source model is not verified	recheck ABI, layout, control flow, and natural source forms	-	-	-	-
0x004C35C0	provisional	partial	85.25	clean	initial-audit	binary or source model is not verified	recheck ABI, layout, control flow, and natural source forms	-	-	-	-
0x004C36A0	provisional	partial	56.00	clean	initial-audit	binary or source model is not verified	recheck ABI, layout, control flow, and natural source forms	-	-	-	-
0x004C3740	provisional	partial	81.64	clean	initial-audit	binary or source model is not verified	recheck ABI, layout, control flow, and natural source forms	-	-	-	-
0x004C3BE0	provisional	partial	68.80	clean	initial-audit	binary or source model is not verified	recheck ABI, layout, control flow, and natural source forms	-	-	-	-
0x004C3CA0	provisional	partial	30.52	clean	initial-audit	binary or source model is not verified	recheck ABI, layout, control flow, and natural source forms	-	-	-	-
0x004C3DF0	provisional	partial	91.18	clean	initial-audit	binary or source model is not verified	recheck ABI, layout, control flow, and natural source forms	-	-	-	-
0x004C3EB0	provisional	partial	46.76	clean	initial-audit	binary or source model is not verified	recheck ABI, layout, control flow, and natural source forms	-	-	-	-
0x004C4080	provisional	partial	71.97	clean	initial-audit	binary or source model is not verified	recheck ABI, layout, control flow, and natural source forms	-	-	-	-
0x004C4220	provisional	partial	72.16	clean	initial-audit	binary or source model is not verified	recheck ABI, layout, control flow, and natural source forms	-	-	-	-
0x004C4370	provisional	partial	20.65	clean	CAP-09	textured span: retail uses an EBP frame and reuses argument slots for UV, RGB, and loop state. The build uses an FPO frame and different register homes. Edge order, UV clamps and steps, colour steps, two texture samples per pixel pair, LUT conversion, and odd endpoints agree.	recheck ABI, layout, control flow, and natural source forms	20.65	-	-	-
0x004C4640	provisional	partial	20.65	clean	CAP-09	pair-sampled textured span: retail uses an EBP frame and reuses argument slots for UV, RGB, and loop state. The build uses an FPO frame and different register homes. Edge order, UV clamps and steps, colour steps, one-sample pixel pairs, LUT conversion, and odd endpoints agree.	recheck ABI, layout, control flow, and natural source forms	20.65	-	-	-
0x004C48E0	provisional	partial	9.29	clean	CAP-09	untextured opaque 555 paired-pixel span: retail uses an EBP frame with two locals, homes the pair counter and three colour accumulators in incoming parameter slots, and duplicates the packed word with PUSH AX / SHL EAX,16 / POP AX; the build compiles FPO and register-keeps the walk. Endpoint swap, width/2 interpolation, odd leading/trailing pixels, masks/shifts, paired dword store, and update order agree. 3 packing forms tested with identical score	recheck ABI, layout, control flow, and natural source forms	9.29	-	-	-
0x004C4A60	provisional	partial	7.86	clean	CAP-09	565 twin of 0x004C48E0, same whole-frame divergence and paired-pixel algorithm; only green/red packing shifts differ	recheck ABI, layout, control flow, and natural source forms	7.86	-	-	-
0x004C4BE0	provisional	partial	33.07	clean	CAP-09	textured additive 555 span: retail uses an EBP frame with four locals, homes UV/RGB steps and count in argument/local slots, and uses push/pop scratch in the blend; build uses FPO with three locals and register-keeps the walk. Endpoint order, UV conversion/clamps, texture sample/transparency test, LUT channel scaling, saturation, packing, and updates agree. Direct-index and MAKEWORD forms tested; MAKEWORD regressed to 29.61%	recheck ABI, layout, control flow, and natural source forms	33.07	-	-	-
0x004C4E00	provisional	partial	21.74	clean	CAP-09	untextured additive/saturating 555 span: retail keeps an EBP frame with zero locals and spills the three colour accumulators plus the counter into the incoming parameter slots, and holds the pixel on the stack via PUSH/POP EAX; the build compiles FPO and register-keeps them. Per-pixel AND 0x1f / ADD / CMP 0x20 / JL / MOV 0x1f core matches instruction for instruction. 3 forms tested; the >=0x20 clamp and the dword destination read were both transcribed from retail and each gained	recheck ABI, layout, control flow, and natural source forms	21.74	-	-	-
0x004C4F30	provisional	partial	23.48	clean	CAP-09	565 twin of 0x004C4E00, same whole-frame divergence and same matching per-pixel core	recheck ABI, layout, control flow, and natural source forms	23.48	-	-	-
0x004C5060	provisional	partial	33.07	clean	CAP-09	565 format twin of 0x004C4BE0; same EBP/FPO frame cascade and algorithm, with green/red destination shifts changed to 6/11	recheck ABI, layout, control flow, and natural source forms	33.07	-	-	-
0x004C5280	provisional	partial	38.40	clean	CAP-09	textured subtractive 555 span: retail uses an EBP frame with four locals, homes UV/RGB steps, subtotal, and count in argument/local slots, and uses push/pop scratch in the blend; build uses FPO with three locals and register-keeps the walk. Endpoint order, UV conversion/clamps, texture sample/transparency test, LUT channel subtraction, zero clamps, subtotal packing, and updates agree. Separate channel locals scored 30.03%; reused channel plus output subtotal scored 38.40%	recheck ABI, layout, control flow, and natural source forms	38.40	-	-	-
0x004C5490	provisional	partial	17.86	clean	CAP-09	untextured subtractive 555 span: retail keeps an EBP frame with zero locals and spills all three colour accumulators plus the counter into the incoming parameter slots; the build compiles FPO and register-keeps two of them. Core per-pixel mask/subtract/clamp/recombine sequence matches instruction for instruction. 3 forms tested (fresh locals, parameter reuse, running-sum output; the last two each gained)	recheck ABI, layout, control flow, and natural source forms	17.86	-	-	-
0x004C55B0	provisional	partial	20.91	clean	CAP-09	565 twin of 0x004C5490, same whole-frame divergence and same matching per-pixel core	recheck ABI, layout, control flow, and natural source forms	20.91	-	-	-
0x004C56D0	provisional	partial	38.50	clean	CAP-09	565 format twin of 0x004C5280; same EBP/FPO frame cascade and algorithm, with green/red destination shifts changed to 6/11	recheck ABI, layout, control flow, and natural source forms	38.50	-	-	-
0x004C58E0	provisional	partial	39.88	clean	CAP-09	textured colour-table conversion span: retail uses an EBP frame with three locals, homes RGB/UV steps and count in argument/local slots, and holds count with PUSH/POP; build uses FPO with two locals and register-keeps the walk. Endpoint order, UV conversion/clamps, transparent-texel test, three packed LUT channel lookups, destination store, and updates agree. Direct sum and staged uint16 subtotal both scored 39.88%; mutating the texel between lookups regressed to 39.76%	recheck ABI, layout, control flow, and natural source forms	39.88	-	-	-
0x004C5AC0	provisional	partial	19.76	clean	CAP-22	textured alpha-blend 555 span: retail reserves 20 FPO bytes and keeps the destination pointer in EBP. The build reserves 12 bytes and keeps it in ESI. Endpoint order, UV and colour steps, transparent-texel skip, source modulation, destination blend, saturation, and packing agree.	recheck ABI, layout, control flow, and natural source forms	19.76	-	-	-
0x004C5D80	provisional	partial	41.30	clean	CAP-20	untextured default-alpha 555 span: retail reuses dead argument slots for RGB steps and count with no local reservation; build reserves 8 FPO bytes and shifts stack homes. Endpoint walk and per-channel alpha blend agree. Far-endpoint, pairwise swap, retail-shaped saves, 16/32-bit pixel forms, and FIX-06 while form tested	recheck ABI, layout, control flow, and natural source forms	41.30	-	-	-
0x004C5F00	provisional	partial	30.77	clean	CAP-20	alternate-format twin of 0x004C5D80; same argument-slot/local-slot cap and blend core	recheck ABI, layout, control flow, and natural source forms	30.77	-	-	-
0x004C6080	provisional	partial	18.93	clean	CAP-22	565 format twin of 0x004C5AC0. The frame and register difference is the same. The green and red extraction and packing shifts agree with the alternate surface format.	recheck ABI, layout, control flow, and natural source forms	18.93	-	-	-
0x004C9A50	provisional	exact	100.00	unknown-symbol	initial-audit	binary or source model is not verified	recheck ABI, layout, control flow, and natural source forms	-	-	-	-
0x004C9D00	provisional	exact	100.00	unknown-symbol	initial-audit	binary or source model is not verified	recheck ABI, layout, control flow, and natural source forms	-	-	-	-
0x004CA040	provisional	partial	64.81	clean	initial-audit	binary or source model is not verified	recheck ABI, layout, control flow, and natural source forms	-	-	-	-
0x004CA0C0	provisional	partial	87.05	clean	initial-audit	binary or source model is not verified	recheck ABI, layout, control flow, and natural source forms	-	-	-	-
0x004CA1D0	provisional	partial	61.02	clean	initial-audit	binary or source model is not verified	recheck ABI, layout, control flow, and natural source forms	-	-	-	-
0x004CA420	provisional	partial	86.63	unnamed-bitmask	initial-audit	binary or source model is not verified	recheck ABI, layout, control flow, and natural source forms	-	-	-	-
0x004CAB80	provisional	partial	40.74	clean	CAP-03	node visibility flags: retail keeps creature in EDI and flags in ESI, build keeps creature in ESI and uses EDI as scratch, 3 forms tested	recheck ABI, layout, control flow, and natural source forms	40.74	-	-	-
0x004CB2A0	provisional	zero	0.00	clean	initial-audit	binary or source model is not verified	recheck ABI, layout, control flow, and natural source forms	-	-	-	-
0x004CB2C0	provisional	zero	0.00	clean	initial-audit	binary or source model is not verified	recheck ABI, layout, control flow, and natural source forms	-	-	-	-
0x004CB320	provisional	partial	64.49	clean	initial-audit	binary or source model is not verified	recheck ABI, layout, control flow, and natural source forms	-	-	-	-
0x004CB4E0	provisional	partial	86.01	clean	initial-audit	binary or source model is not verified	recheck ABI, layout, control flow, and natural source forms	-	-	-	-
0x004CB940	provisional	partial	53.33	clean	initial-audit	binary or source model is not verified	recheck ABI, layout, control flow, and natural source forms	-	-	-	-
0x004CB970	provisional	partial	59.65	clean	initial-audit	binary or source model is not verified	recheck ABI, layout, control flow, and natural source forms	-	-	-	-
0x004CBC40	provisional	partial	78.05	clean	initial-audit	binary or source model is not verified	recheck ABI, layout, control flow, and natural source forms	-	-	-	-
0x004CBC90	provisional	partial	38.55	unstructured-control-flow	initial-audit	binary or source model is not verified	recheck ABI, layout, control flow, and natural source forms	-	-	-	-
0x004CC480	provisional	partial	27.94	clean	initial-audit	binary or source model is not verified	recheck ABI, layout, control flow, and natural source forms	-	-	-	-
0x004CC970	provisional	partial	72.73	clean	initial-audit	binary or source model is not verified	recheck ABI, layout, control flow, and natural source forms	-	-	-	-
0x004CCBE0	provisional	partial	56.31	clean	initial-audit	binary or source model is not verified	recheck ABI, layout, control flow, and natural source forms	-	-	-	-
0x004CCDA0	provisional	partial	82.98	clean	initial-audit	binary or source model is not verified	recheck ABI, layout, control flow, and natural source forms	-	-	-	-
0x004CCE30	provisional	partial	34.86	clean	initial-audit	binary or source model is not verified	recheck ABI, layout, control flow, and natural source forms	-	-	-	-
0x004CCFF0	provisional	partial	31.25	clean	initial-audit	binary or source model is not verified	recheck ABI, layout, control flow, and natural source forms	-	-	-	-
0x004CD7B0	provisional	partial	72.34	clean	initial-audit	binary or source model is not verified	recheck ABI, layout, control flow, and natural source forms	-	-	-	-
0x004CE050	provisional	partial	97.97	clean	initial-audit	binary or source model is not verified	recheck ABI, layout, control flow, and natural source forms	-	-	-	-
0x004CE2C0	provisional	partial	60.87	clean	initial-audit	binary or source model is not verified	recheck ABI, layout, control flow, and natural source forms	-	-	-	-
0x004CE380	provisional	partial	50.53	clean	initial-audit	binary or source model is not verified	recheck ABI, layout, control flow, and natural source forms	-	-	-	-
0x004CE4D0	provisional	partial	86.36	clean	initial-audit	binary or source model is not verified	recheck ABI, layout, control flow, and natural source forms	-	-	-	-
0x004CE8B0	provisional	partial	52.05	clean	initial-audit	binary or source model is not verified	recheck ABI, layout, control flow, and natural source forms	-	-	-	-
0x004CE910	provisional	partial	69.49	clean	initial-audit	binary or source model is not verified	recheck ABI, layout, control flow, and natural source forms	-	-	-	-
0x004CEA50	provisional	partial	21.43	clean	initial-audit	binary or source model is not verified	recheck ABI, layout, control flow, and natural source forms	-	-	-	-
0x004DB600	provisional	partial	93.11	clean	initial-audit	binary or source model is not verified	recheck ABI, layout, control flow, and natural source forms	-	-	-	-
0x004DB950	provisional	partial	77.99	clean	initial-audit	binary or source model is not verified	recheck ABI, layout, control flow, and natural source forms	-	-	-	-
