# address	blocked-by	reason	kind
0x004076F0	-	Needs the actor command opcodes and behavior callback contract.	indirect-dispatch
0x004398B0	-	Needs the particle record layout and screen-state globals.	layout
0x0043C750	-	Needs names and roles for the animation-track metadata fields.	layout
0x0048D530	0x0048C030	Needs the per-mesh raycast contract.	semantic
0x00490EE0	-	Needs a caller or data reference to establish the ABI.	abi
0x00491F20	-	Needs a caller or data reference to establish the ABI.	abi
0x00492F70	-	Needs evidence for its ten-argument render interface.	abi
0x004B9D70	-	Needs the type of the loop-carried stack value.	semantic
0x004BE0B0	-	Needs the scratch-buffer layout and polygon-pass structure.	layout
0x004C0320	0x004BD040	Needs the projection and split helper contract.	semantic
