# id	opened_commit	opened_at	hypothesis	baseline_rate	review_after	outcome	note
T-00	66dc443d63335ffe3e8c797ed0c8f00c5200e5c4	2026-09-10T17:30:00Z	Restore the Sep 8 loop and delete the apparatus	14.6	10	PENDING	baseline is the Sep 10 post-hardening rate
T-01	66dc443d63335ffe3e8c797ed0c8f00c5200e5c4	2026-09-10T17:30:00Z	Monotone refinement rule (accept a strict score gain below 50%)	14.6	10	PENDING	
T-02	177029058e817647117cacbe56e90c8d6aa36f1a	2026-09-10T19:45:00Z	Compact diff view: region index, --hunk N, compact file, INFO noise filtered; writers read the diff once	1200.0	10	PENDING	baseline is the Pilot A rate after campaigns 0-1 (1,364 bytes in 68 all-in minutes)
T-03	685fc83d3133aaeb290667bdf4a57842f5c6f329	2026-09-10T20:00:00Z	Fresh-context batches of four attempts with a handoff file instead of one long writer context	1200.0	10	PENDING	measure tokens per retained byte against campaigns 0-1 (~400 tokens/byte)
T-04	dba34a3cff73b4edf38d1bd69e77acf52382cb35	2026-09-10T20:30:00Z	Lint: gotos inside #define bodies are not charged to the preceding function	1200.0	10	PENDING	removes a false unstructured-control-flow warning that blocked validate on rasterizer sibling campaigns
T-05	7df4943f7152d34b845408574ae64e80049e3e08	2026-09-10T21:15:00Z	PROVISIONAL coverage: a complete body over 2048 bytes passes validate at a quarter of its score ceiling	1200.0	10	PENDING	triggered by campaign 4 (SweepAgainstCandidates complete body at 37 percent)
T-06	5996580c6841866c99544e2bd1cb26e81fdead3a	2026-09-11T00:10:00Z	throughput compares functions on the annotation count whenever a window endpoint predates the scoreboard	1200.0	10	PENDING	fixes the -303 functions delta seen on 2026-09-10
T-07	420dbce4706fd70e5b3657ae5d6aea32fb8d2a4a	2026-09-11T06:38Z	One-call attempt cycle: quiet bc with the attempt line first, unchanged-tree guard, stall at three attempts, untruncated region index, header side-effect lines, best-attempt diffs kept, campaigns finish, 80-line skill, pre-approved read-only commands	1200.0	10	PENDING	measure tokens and minutes per campaign against campaigns 0-4 (455 B per Mtok, 16.8 B per min); targets 0.9M tokens and 25 min at 600 B
T-08	f8cf5b940cb3082e2d5f9c8d329ab92629e82784	2026-09-11T07:15Z	bc --pack prints the orientation pack under 24,000 characters (names-only evidence for a refinement, full decompilation for coverage, largest regions that fit) and a failed bc says no attempt was logged	1200.0	10	PENDING	campaign 5 batch 1 spent 4 calls paging a 43 KB pack from a spill file and 6 calls hunting attempt state after a failed build
